PassengerId,Pclass,Sex,Age,SibSp,Parch,Ticket,Fare,Cabin,Embarked,FamilySize,Single,SmallFamily,MedFamily,LargeFamily,Title,target
1,3,1,22.0,1,0,1,7.25,8,3,2,0,1,0,0,2,0
2,1,0,38.0,1,0,10,71.2833,2,1,2,0,1,0,0,1,1
3,3,0,26.0,0,0,26,7.925,8,3,1,1,0,0,0,1,1
4,1,0,35.0,1,0,30,53.1,2,3,2,0,1,0,0,1,1
5,3,1,35.0,0,0,30,8.05,8,3,1,1,0,0,0,2,0
6,3,1,24.0,0,0,30,8.4583,8,2,1,1,0,0,0,2,0
7,1,1,54.0,0,0,30,51.8625,4,3,1,1,0,0,0,2,0
8,3,1,2.0,3,1,30,21.075,8,3,5,0,0,0,1,0,0
9,3,0,27.0,0,2,30,11.1333,8,3,3,0,0,1,0,1,1
10,2,0,14.0,1,0,30,30.0708,8,1,2,0,1,0,0,1,1
11,3,0,4.0,1,1,11,16.7,6,3,3,0,0,1,0,1,1
12,1,0,58.0,0,0,30,26.55,2,3,1,1,0,0,0,1,1
13,3,1,20.0,0,0,1,8.05,8,3,1,1,0,0,0,2,0
14,3,1,39.0,1,5,30,31.275,8,3,7,0,0,0,1,2,0
15,3,0,14.0,0,0,30,7.8542,8,3,1,1,0,0,0,1,0
16,2,0,55.0,0,0,30,16.0,8,3,1,1,0,0,0,1,1
17,3,1,2.0,4,1,30,29.125,8,2,6,0,0,0,1,0,0
18,2,1,24.0,0,0,30,13.0,8,3,1,1,0,0,0,2,1
19,3,0,31.0,1,0,30,18.0,8,3,2,0,1,0,0,1,0
20,3,0,24.0,0,0,30,7.225,8,1,1,1,0,0,0,1,1
21,2,1,35.0,0,0,30,26.0,8,3,1,1,0,0,0,2,0
22,2,1,34.0,0,0,30,13.0,3,3,1,1,0,0,0,2,1
23,3,0,15.0,0,0,30,8.0292,8,2,1,1,0,0,0,1,1
24,1,1,28.0,0,0,30,35.5,0,3,1,1,0,0,0,2,1
25,3,0,8.0,3,1,30,21.075,8,3,5,0,0,0,1,1,0
26,3,0,38.0,1,5,30,31.3875,8,3,7,0,0,0,1,1,1
27,3,1,24.0,0,0,30,7.225,8,1,1,1,0,0,0,2,0
28,1,1,19.0,3,2,30,263.0,2,3,6,0,0,0,1,2,0
29,3,0,24.0,0,0,30,7.8792,8,2,1,1,0,0,0,1,1
30,3,1,24.0,0,0,30,7.8958,8,3,1,1,0,0,0,2,0
31,1,1,40.0,0,0,10,27.7208,8,1,1,1,0,0,0,3,0
32,1,0,24.0,1,0,10,146.5208,1,1,2,0,1,0,0,1,1
33,3,0,24.0,0,0,30,7.75,8,2,1,1,0,0,0,1,1
34,2,1,66.0,0,0,4,10.5,8,3,1,1,0,0,0,2,0
35,1,1,28.0,1,0,10,82.1708,8,1,2,0,1,0,0,2,0
36,1,1,42.0,1,0,30,52.0,8,3,2,0,1,0,0,2,0
37,3,1,24.0,0,0,30,7.2292,8,1,1,1,0,0,0,2,1
38,3,1,21.0,0,0,1,8.05,8,3,1,1,0,0,0,2,0
39,3,0,18.0,2,0,30,18.0,8,3,3,0,0,1,0,1,0
40,3,0,14.0,1,0,30,11.2417,8,1,2,0,1,0,0,1,1
41,3,0,40.0,1,0,30,9.475,8,3,2,0,1,0,0,1,0
42,2,0,27.0,1,0,30,21.0,8,3,2,0,1,0,0,1,0
43,3,1,24.0,0,0,30,7.8958,8,1,1,1,0,0,0,2,0
44,2,0,3.0,1,2,18,41.5792,8,1,4,0,0,1,0,1,1
45,3,0,19.0,0,0,30,7.8792,8,2,1,1,0,0,0,1,1
46,3,1,24.0,0,0,14,8.05,8,3,1,1,0,0,0,2,0
47,3,1,24.0,1,0,30,15.5,8,2,2,0,1,0,0,2,0
48,3,0,24.0,0,0,30,7.75,8,2,1,1,0,0,0,1,1
49,3,1,24.0,2,0,30,21.6792,8,1,3,0,0,1,0,2,0
50,3,0,18.0,1,0,30,17.8,8,3,2,0,1,0,0,1,0
51,3,1,7.0,4,1,30,39.6875,8,3,6,0,0,0,1,0,0
52,3,1,21.0,0,0,0,7.8,8,3,1,1,0,0,0,2,0
53,1,0,49.0,1,0,10,76.7292,3,1,2,0,1,0,0,1,1
54,2,0,29.0,1,0,30,26.0,8,3,2,0,1,0,0,1,1
55,1,1,65.0,0,1,30,61.9792,1,1,2,0,1,0,0,2,0
56,1,1,24.0,0,0,30,35.5,2,3,1,1,0,0,0,2,1
57,2,0,21.0,0,0,4,10.5,8,3,1,1,0,0,0,1,1
58,3,1,28.5,0,0,30,7.2292,8,1,1,1,0,0,0,2,0
59,2,0,5.0,1,2,4,27.75,8,3,4,0,0,1,0,1,1
60,3,1,11.0,5,2,4,46.9,8,3,8,0,0,0,1,0,0
61,3,1,22.0,0,0,30,7.2292,8,1,1,1,0,0,0,2,0
62,1,0,38.0,0,0,30,80.0,1,0,1,1,0,0,0,1,1
63,1,1,45.0,1,0,30,83.475,2,3,2,0,1,0,0,2,0
64,3,1,4.0,3,2,30,27.9,8,3,6,0,0,0,1,0,0
65,1,1,24.0,0,0,10,27.7208,8,1,1,1,0,0,0,2,0
66,3,1,24.0,1,1,30,15.2458,8,1,3,0,0,1,0,0,1
67,2,0,29.0,0,0,4,10.5,5,3,1,1,0,0,0,1,1
68,3,1,19.0,0,0,24,8.1583,8,3,1,1,0,0,0,2,0
69,3,0,17.0,4,2,30,7.925,8,3,7,0,0,0,1,1,1
70,3,1,26.0,2,0,30,8.6625,8,3,3,0,0,1,0,2,0
71,2,1,32.0,0,0,4,10.5,8,3,1,1,0,0,0,2,0
72,3,0,16.0,5,2,4,46.9,8,3,8,0,0,0,1,1,0
73,2,1,21.0,0,0,19,73.5,8,3,1,1,0,0,0,2,0
74,3,1,26.0,1,0,30,14.4542,8,1,2,0,1,0,0,2,0
75,3,1,32.0,0,0,30,56.4958,8,3,1,1,0,0,0,2,1
76,3,1,25.0,0,0,30,7.65,5,3,1,1,0,0,0,2,0
77,3,1,24.0,0,0,30,7.8958,8,3,1,1,0,0,0,2,0
78,3,1,24.0,0,0,30,8.05,8,3,1,1,0,0,0,2,0
79,2,1,0.83,0,2,30,29.0,8,3,3,0,0,1,0,0,1
80,3,0,30.0,0,0,30,12.475,8,3,1,1,0,0,0,1,1
81,3,1,22.0,0,0,30,9.0,8,3,1,1,0,0,0,2,0
82,3,1,29.0,0,0,30,9.5,8,3,1,1,0,0,0,2,1
83,3,0,24.0,0,0,30,7.7875,8,2,1,1,0,0,0,1,1
84,1,1,28.0,0,0,30,47.1,8,3,1,1,0,0,0,2,0
85,2,0,17.0,0,0,19,10.5,8,3,1,1,0,0,0,1,1
86,3,0,33.0,3,0,30,15.85,8,3,4,0,0,1,0,1,1
87,3,1,16.0,1,3,28,34.375,8,3,5,0,0,0,1,2,0
88,3,1,24.0,0,0,23,8.05,8,3,1,1,0,0,0,2,0
89,1,0,23.0,3,2,30,263.0,2,3,6,0,0,0,1,1,1
90,3,1,24.0,0,0,30,8.05,8,3,1,1,0,0,0,2,0
91,3,1,29.0,0,0,30,8.05,8,3,1,1,0,0,0,2,0
92,3,1,20.0,0,0,30,7.8542,8,3,1,1,0,0,0,2,0
93,1,1,46.0,1,0,29,61.175,4,3,2,0,1,0,0,2,0
94,3,1,26.0,1,2,4,20.575,8,3,4,0,0,1,0,2,0
95,3,1,59.0,0,0,30,7.25,8,3,1,1,0,0,0,2,0
96,3,1,24.0,0,0,30,8.05,8,3,1,1,0,0,0,2,0
97,1,1,71.0,0,0,10,34.6542,0,1,1,1,0,0,0,2,0
98,1,1,23.0,0,1,10,63.3583,3,1,2,0,1,0,0,2,1
99,2,0,34.0,0,1,30,23.0,8,3,2,0,1,0,0,1,1
100,2,1,34.0,1,0,30,26.0,8,3,2,0,1,0,0,2,0
101,3,0,28.0,0,0,30,7.8958,8,3,1,1,0,0,0,1,0
102,3,1,24.0,0,0,30,7.8958,8,3,1,1,0,0,0,2,0
103,1,1,21.0,0,1,30,77.2875,3,3,2,0,1,0,0,2,0
104,3,1,33.0,0,0,30,8.6542,8,3,1,1,0,0,0,2,0
105,3,1,37.0,2,0,30,7.925,8,3,3,0,0,1,0,2,0
106,3,1,28.0,0,0,30,7.8958,8,3,1,1,0,0,0,2,0
107,3,0,21.0,0,0,30,7.65,8,3,1,1,0,0,0,1,1
108,3,1,24.0,0,0,30,7.775,8,3,1,1,0,0,0,2,1
109,3,1,38.0,0,0,30,7.8958,8,3,1,1,0,0,0,2,0
110,3,0,24.0,1,0,30,24.15,8,2,2,0,1,0,0,1,1
111,1,1,47.0,0,0,30,52.0,2,3,1,1,0,0,0,2,0
112,3,0,14.5,1,0,30,14.4542,8,1,2,0,1,0,0,1,0
113,3,1,22.0,0,0,30,8.05,8,3,1,1,0,0,0,2,0
114,3,0,20.0,1,0,30,9.825,8,3,2,0,1,0,0,1,0
115,3,0,17.0,0,0,30,14.4583,8,1,1,1,0,0,0,1,0
116,3,1,21.0,0,0,25,7.925,8,3,1,1,0,0,0,2,0
117,3,1,70.5,0,0,30,7.75,8,2,1,1,0,0,0,2,0
118,2,1,29.0,1,0,30,21.0,8,3,2,0,1,0,0,2,0
119,1,1,24.0,0,1,10,247.5208,1,1,2,0,1,0,0,2,0
120,3,0,2.0,4,2,30,31.275,8,3,7,0,0,0,1,1,0
121,2,1,21.0,2,0,19,73.5,8,3,3,0,0,1,0,2,0
122,3,1,24.0,0,0,0,8.05,8,3,1,1,0,0,0,2,0
123,2,1,32.5,1,0,30,30.0708,8,1,2,0,1,0,0,2,0
124,2,0,32.5,0,0,30,13.0,4,3,1,1,0,0,0,1,1
125,1,1,54.0,0,1,30,77.2875,3,3,2,0,1,0,0,2,0
126,3,1,12.0,1,0,30,11.2417,8,1,2,0,1,0,0,0,1
127,3,1,24.0,0,0,30,7.75,8,2,1,1,0,0,0,2,0
128,3,1,24.0,0,0,3,7.1417,8,3,1,1,0,0,0,2,1
129,3,0,24.0,1,1,30,22.3583,5,1,3,0,0,1,0,1,1
130,3,1,45.0,0,0,30,6.975,8,3,1,1,0,0,0,2,0
131,3,1,33.0,0,0,30,7.8958,8,1,1,1,0,0,0,2,0
132,3,1,20.0,0,0,23,7.05,8,3,1,1,0,0,0,2,0
133,3,0,47.0,1,0,1,14.5,8,3,2,0,1,0,0,1,0
134,2,0,29.0,1,0,30,26.0,8,3,2,0,1,0,0,1,1
135,2,1,25.0,0,0,4,13.0,8,3,1,1,0,0,0,2,0
136,2,1,23.0,0,0,17,15.0458,8,1,1,1,0,0,0,2,0
137,1,0,19.0,0,2,30,26.2833,3,3,3,0,0,1,0,1,1
138,1,1,37.0,1,0,30,53.1,2,3,2,0,1,0,0,2,0
139,3,1,16.0,0,0,30,9.2167,8,3,1,1,0,0,0,2,0
140,1,1,24.0,0,0,10,79.2,1,1,1,1,0,0,0,2,0
141,3,0,24.0,0,2,30,15.2458,8,1,3,0,0,1,0,1,0
142,3,0,22.0,0,0,30,7.75,8,3,1,1,0,0,0,1,1
143,3,0,24.0,1,0,26,15.85,8,3,2,0,1,0,0,1,1
144,3,1,19.0,0,0,30,6.75,8,2,1,1,0,0,0,2,0
145,2,1,18.0,0,0,30,11.5,8,3,1,1,0,0,0,2,0
146,2,1,19.0,1,1,4,36.75,8,3,3,0,0,1,0,2,0
147,3,1,27.0,0,0,30,7.7958,8,3,1,1,0,0,0,2,1
148,3,0,9.0,2,2,28,34.375,8,3,5,0,0,0,1,1,0
149,2,1,36.5,0,2,30,26.0,5,3,3,0,0,1,0,2,0
150,2,1,42.0,0,0,30,13.0,8,3,1,1,0,0,0,3,0
151,2,1,51.0,0,0,20,12.525,8,3,1,1,0,0,0,3,0
152,1,0,22.0,1,0,30,66.6,2,3,2,0,1,0,0,1,1
153,3,1,55.5,0,0,1,8.05,8,3,1,1,0,0,0,2,0
154,3,1,40.5,0,2,1,14.5,8,3,3,0,0,1,0,2,0
155,3,1,24.0,0,0,8,7.3125,8,3,1,1,0,0,0,2,0
156,1,1,51.0,0,1,10,61.3792,8,1,2,0,1,0,0,2,0
157,3,0,16.0,0,0,30,7.7333,8,2,1,1,0,0,0,1,1
158,3,1,30.0,0,0,23,8.05,8,3,1,1,0,0,0,2,0
159,3,1,24.0,0,0,30,8.6625,8,3,1,1,0,0,0,2,0
160,3,1,24.0,8,2,4,69.55,8,3,11,0,0,0,1,0,0
161,3,1,44.0,0,1,30,16.1,8,3,2,0,1,0,0,2,0
162,2,0,40.0,0,0,4,15.75,8,3,1,1,0,0,0,1,1
163,3,1,26.0,0,0,30,7.775,8,3,1,1,0,0,0,2,0
164,3,1,17.0,0,0,30,8.6625,8,3,1,1,0,0,0,2,0
165,3,1,1.0,4,1,30,39.6875,8,3,6,0,0,0,1,0,0
166,3,1,9.0,0,2,30,20.525,8,3,3,0,0,1,0,0,1
167,1,0,24.0,0,1,30,55.0,4,3,2,0,1,0,0,1,1
168,3,0,45.0,1,4,30,27.9,8,3,6,0,0,0,1,1,0
169,1,1,24.0,0,0,10,25.925,8,3,1,1,0,0,0,2,0
170,3,1,28.0,0,0,30,56.4958,8,3,1,1,0,0,0,2,0
171,1,1,61.0,0,0,30,33.5,1,3,1,1,0,0,0,2,0
172,3,1,4.0,4,1,30,29.125,8,2,6,0,0,0,1,0,0
173,3,0,1.0,1,1,30,11.1333,8,3,3,0,0,1,0,1,1
174,3,1,21.0,0,0,25,7.925,8,3,1,1,0,0,0,2,0
175,1,1,56.0,0,0,30,30.6958,0,1,1,1,0,0,0,2,0
176,3,1,18.0,1,1,30,7.8542,8,3,3,0,0,1,0,2,0
177,3,1,24.0,3,1,30,25.4667,8,3,5,0,0,0,1,0,0
178,1,0,50.0,0,0,10,28.7125,2,1,1,1,0,0,0,1,0
179,2,1,30.0,0,0,30,13.0,8,3,1,1,0,0,0,2,0
180,3,1,36.0,0,0,9,0.0,8,3,1,1,0,0,0,2,0
181,3,0,24.0,8,2,4,69.55,8,3,11,0,0,0,1,1,0
182,2,1,24.0,0,0,17,15.05,8,1,1,1,0,0,0,2,0
183,3,1,9.0,4,2,30,31.3875,8,3,7,0,0,0,1,0,0
184,2,1,1.0,2,1,30,39.0,5,3,4,0,0,1,0,0,1
185,3,0,4.0,0,2,30,22.025,8,3,3,0,0,1,0,1,1
186,1,1,24.0,0,0,30,50.0,0,3,1,1,0,0,0,2,0
187,3,0,24.0,1,0,30,15.5,8,2,2,0,1,0,0,1,1
188,1,1,45.0,0,0,30,26.55,8,3,1,1,0,0,0,2,1
189,3,1,40.0,1,1,30,15.5,8,2,3,0,0,1,0,2,0
190,3,1,36.0,0,0,30,7.8958,8,3,1,1,0,0,0,2,0
191,2,0,32.0,0,0,30,13.0,8,3,1,1,0,0,0,1,1
192,2,1,19.0,0,0,30,13.0,8,3,1,1,0,0,0,2,0
193,3,0,19.0,1,0,30,7.8542,8,3,2,0,1,0,0,1,1
194,2,1,3.0,1,1,30,26.0,5,3,3,0,0,1,0,0,1
195,1,0,44.0,0,0,10,27.7208,1,1,1,1,0,0,0,1,1
196,1,0,58.0,0,0,10,146.5208,1,1,1,1,0,0,0,1,1
197,3,1,24.0,0,0,30,7.75,8,2,1,1,0,0,0,2,0
198,3,1,42.0,0,1,30,8.4042,8,3,2,0,1,0,0,2,0
199,3,0,24.0,0,0,30,7.75,8,2,1,1,0,0,0,1,1
200,2,0,24.0,0,0,30,13.0,8,3,1,1,0,0,0,1,0
201,3,1,28.0,0,0,30,9.5,8,3,1,1,0,0,0,2,0
202,3,1,24.0,8,2,4,69.55,8,3,11,0,0,0,1,2,0
203,3,1,34.0,0,0,30,6.4958,8,3,1,1,0,0,0,2,0
204,3,1,45.5,0,0,30,7.225,8,1,1,1,0,0,0,2,0
205,3,1,18.0,0,0,1,8.05,8,3,1,1,0,0,0,2,1
206,3,0,2.0,0,1,30,10.4625,6,3,2,0,1,0,0,1,0
207,3,1,32.0,1,0,30,15.85,8,3,2,0,1,0,0,2,0
208,3,1,26.0,0,0,30,18.7875,8,1,1,1,0,0,0,2,1
209,3,0,16.0,0,0,30,7.75,8,2,1,1,0,0,0,1,1
210,1,1,40.0,0,0,30,31.0,0,1,1,1,0,0,0,2,1
211,3,1,24.0,0,0,23,7.05,8,3,1,1,0,0,0,2,0
212,2,0,35.0,0,0,7,21.0,8,3,1,1,0,0,0,1,1
213,3,1,22.0,0,0,1,7.25,8,3,1,1,0,0,0,2,0
214,2,1,30.0,0,0,30,13.0,8,3,1,1,0,0,0,2,0
215,3,1,24.0,1,0,30,7.75,8,2,2,0,1,0,0,2,0
216,1,0,31.0,1,0,30,113.275,3,1,2,0,1,0,0,1,1
217,3,0,27.0,0,0,26,7.925,8,3,1,1,0,0,0,1,1
218,2,1,42.0,1,0,30,27.0,8,3,2,0,1,0,0,2,0
219,1,0,32.0,0,0,30,76.2917,3,1,1,1,0,0,0,1,1
220,2,1,30.0,0,0,28,10.5,8,3,1,1,0,0,0,2,0
221,3,1,16.0,0,0,23,8.05,8,3,1,1,0,0,0,2,1
222,2,1,27.0,0,0,30,13.0,8,3,1,1,0,0,0,2,0
223,3,1,51.0,0,0,30,8.05,8,3,1,1,0,0,0,2,0
224,3,1,24.0,0,0,30,7.8958,8,3,1,1,0,0,0,2,0
225,1,1,38.0,1,0,30,90.0,2,3,2,0,1,0,0,2,1
226,3,1,22.0,0,0,11,9.35,8,3,1,1,0,0,0,2,0
227,2,1,19.0,0,0,27,10.5,8,3,1,1,0,0,0,2,1
228,3,1,20.5,0,0,1,7.25,8,3,1,1,0,0,0,2,0
229,2,1,18.0,0,0,30,13.0,8,3,1,1,0,0,0,2,0
230,3,0,24.0,3,1,30,25.4667,8,3,5,0,0,0,1,1,0
231,1,0,35.0,1,0,30,83.475,2,3,2,0,1,0,0,1,1
232,3,1,29.0,0,0,30,7.775,8,3,1,1,0,0,0,2,0
233,2,1,59.0,0,0,30,13.5,8,3,1,1,0,0,0,2,0
234,3,0,5.0,4,2,30,31.3875,8,3,7,0,0,0,1,1,1
235,2,1,24.0,0,0,4,10.5,8,3,1,1,0,0,0,2,0
236,3,0,24.0,0,0,28,7.55,8,3,1,1,0,0,0,1,0
237,2,1,44.0,1,0,30,26.0,8,3,2,0,1,0,0,2,0
238,2,0,8.0,0,2,4,26.25,8,3,3,0,0,1,0,1,1
239,2,1,19.0,0,0,30,10.5,8,3,1,1,0,0,0,2,0
240,2,1,33.0,0,0,16,12.275,8,3,1,1,0,0,0,2,0
241,3,0,24.0,1,0,30,14.4542,8,1,2,0,1,0,0,1,0
242,3,0,24.0,1,0,30,15.5,8,2,2,0,1,0,0,1,1
243,2,1,29.0,0,0,28,10.5,8,3,1,1,0,0,0,2,0
244,3,1,22.0,0,0,25,7.125,8,3,1,1,0,0,0,2,0
245,3,1,30.0,0,0,30,7.225,8,1,1,1,0,0,0,2,0
246,1,1,44.0,2,0,30,90.0,2,2,3,0,0,1,0,3,0
247,3,0,25.0,0,0,30,7.775,8,3,1,1,0,0,0,1,0
248,2,0,24.0,0,2,30,14.5,8,3,3,0,0,1,0,1,1
249,1,1,37.0,1,1,30,52.5542,3,3,3,0,0,1,0,2,1
250,2,1,54.0,1,0,30,26.0,8,3,2,0,1,0,0,3,0
251,3,1,24.0,0,0,30,7.25,8,3,1,1,0,0,0,2,0
252,3,0,29.0,1,1,30,10.4625,6,3,3,0,0,1,0,1,0
253,1,1,62.0,0,0,30,26.55,2,3,1,1,0,0,0,2,0
254,3,1,30.0,1,0,1,16.1,8,3,2,0,1,0,0,2,0
255,3,0,41.0,0,2,30,20.2125,8,3,3,0,0,1,0,1,0
256,3,0,29.0,0,2,30,15.2458,8,1,3,0,0,1,0,1,1
257,1,0,24.0,0,0,10,79.2,8,1,1,1,0,0,0,1,1
258,1,0,30.0,0,0,30,86.5,1,3,1,1,0,0,0,1,1
259,1,0,35.0,0,0,10,512.3292,8,1,1,1,0,0,0,1,1
260,2,0,50.0,0,1,30,26.0,8,3,2,0,1,0,0,1,1
261,3,1,24.0,0,0,30,7.75,8,2,1,1,0,0,0,2,0
262,3,1,3.0,4,2,30,31.3875,8,3,7,0,0,0,1,0,1
263,1,1,52.0,1,1,30,79.65,4,3,3,0,0,1,0,2,0
264,1,1,40.0,0,0,30,0.0,1,3,1,1,0,0,0,2,0
265,3,0,24.0,0,0,30,7.75,8,2,1,1,0,0,0,1,0
266,2,1,36.0,0,0,4,10.5,8,3,1,1,0,0,0,2,0
267,3,1,16.0,4,1,30,39.6875,8,3,6,0,0,0,1,2,0
268,3,1,25.0,1,0,30,7.775,8,3,2,0,1,0,0,2,1
269,1,0,58.0,0,1,10,153.4625,2,3,2,0,1,0,0,1,1
270,1,0,35.0,0,0,10,135.6333,2,3,1,1,0,0,0,1,1
271,1,1,24.0,0,0,30,31.0,8,3,1,1,0,0,0,2,0
272,3,1,25.0,0,0,9,0.0,8,3,1,1,0,0,0,2,1
273,2,0,41.0,0,1,30,19.5,8,3,2,0,1,0,0,1,1
274,1,1,37.0,0,1,10,29.7,2,1,2,0,1,0,0,2,0
275,3,0,24.0,0,0,30,7.75,8,2,1,1,0,0,0,1,1
276,1,0,63.0,1,0,30,77.9583,3,3,2,0,1,0,0,1,1
277,3,0,45.0,0,0,30,7.75,8,3,1,1,0,0,0,1,0
278,2,1,24.0,0,0,30,0.0,8,3,1,1,0,0,0,2,0
279,3,1,7.0,4,1,30,29.125,8,2,6,0,0,0,1,0,0
280,3,0,35.0,1,1,4,20.25,8,3,3,0,0,1,0,1,1
281,3,1,65.0,0,0,30,7.75,8,2,1,1,0,0,0,2,0
282,3,1,28.0,0,0,30,7.8542,8,3,1,1,0,0,0,2,0
283,3,1,16.0,0,0,30,9.5,8,3,1,1,0,0,0,2,0
284,3,1,19.0,0,0,1,8.05,8,3,1,1,0,0,0,2,1
285,1,1,24.0,0,0,30,26.0,0,3,1,1,0,0,0,2,0
286,3,1,33.0,0,0,30,8.6625,8,1,1,1,0,0,0,2,0
287,3,1,30.0,0,0,30,9.5,8,3,1,1,0,0,0,2,1
288,3,1,22.0,0,0,30,7.8958,8,3,1,1,0,0,0,2,0
289,2,1,42.0,0,0,30,13.0,8,3,1,1,0,0,0,2,1
290,3,0,22.0,0,0,30,7.75,8,2,1,1,0,0,0,1,1
291,1,0,26.0,0,0,30,78.85,8,3,1,1,0,0,0,1,1
292,1,0,19.0,1,0,30,91.0792,1,1,2,0,1,0,0,1,1
293,2,1,36.0,0,0,18,12.875,3,1,1,1,0,0,0,2,0
294,3,0,24.0,0,0,30,8.85,8,3,1,1,0,0,0,1,0
295,3,1,24.0,0,0,30,7.8958,8,3,1,1,0,0,0,2,0
296,1,1,24.0,0,0,10,27.7208,8,1,1,1,0,0,0,2,0
297,3,1,23.5,0,0,30,7.2292,8,1,1,1,0,0,0,2,0
298,1,0,2.0,1,2,30,151.55,2,3,4,0,0,1,0,1,0
299,1,1,24.0,0,0,30,30.5,2,3,1,1,0,0,0,2,1
300,1,0,50.0,0,1,10,247.5208,1,1,2,0,1,0,0,1,1
301,3,0,24.0,0,0,30,7.75,8,2,1,1,0,0,0,1,1
302,3,1,24.0,2,0,30,23.25,8,2,3,0,0,1,0,2,1
303,3,1,19.0,0,0,9,0.0,8,3,1,1,0,0,0,2,0
304,2,0,24.0,0,0,30,12.35,4,2,1,1,0,0,0,1,1
305,3,1,24.0,0,0,1,8.05,8,3,1,1,0,0,0,2,0
306,1,1,0.92,1,2,30,151.55,2,3,4,0,0,1,0,0,1
307,1,0,24.0,0,0,30,110.8833,8,1,1,1,0,0,0,1,1
308,1,0,17.0,1,0,10,108.9,2,1,2,0,1,0,0,1,1
309,2,1,30.0,1,0,12,24.0,8,1,2,0,1,0,0,2,0
310,1,0,30.0,0,0,10,56.9292,4,1,1,1,0,0,0,1,1
311,1,0,24.0,0,0,30,83.1583,2,1,1,1,0,0,0,1,1
312,1,0,18.0,2,2,10,262.375,1,1,5,0,0,0,1,1,1
313,2,0,26.0,1,1,30,26.0,8,3,3,0,0,1,0,1,0
314,3,1,28.0,0,0,30,7.8958,8,3,1,1,0,0,0,2,0
315,2,1,43.0,1,1,7,26.25,8,3,3,0,0,1,0,2,0
316,3,0,26.0,0,0,30,7.8542,8,3,1,1,0,0,0,1,1
317,2,0,24.0,1,0,30,26.0,8,3,2,0,1,0,0,1,1
318,2,1,54.0,0,0,30,14.0,8,3,1,1,0,0,0,3,0
319,1,0,31.0,0,2,30,164.8667,2,3,3,0,0,1,0,1,1
320,1,0,40.0,1,1,30,134.5,4,1,3,0,0,1,0,1,1
321,3,1,22.0,0,0,1,7.25,8,3,1,1,0,0,0,2,0
322,3,1,27.0,0,0,30,7.8958,8,3,1,1,0,0,0,2,0
323,2,0,30.0,0,0,30,12.35,8,2,1,1,0,0,0,1,1
324,2,0,22.0,1,1,30,29.0,8,3,3,0,0,1,0,1,1
325,3,1,24.0,8,2,4,69.55,8,3,11,0,0,0,1,2,0
326,1,0,36.0,0,0,10,135.6333,2,1,1,1,0,0,0,1,1
327,3,1,61.0,0,0,30,6.2375,8,3,1,1,0,0,0,2,0
328,2,0,36.0,0,0,30,13.0,3,3,1,1,0,0,0,1,1
329,3,0,31.0,1,1,30,20.525,8,3,3,0,0,1,0,1,1
330,1,0,16.0,0,1,30,57.9792,1,1,2,0,1,0,0,1,1
331,3,0,24.0,2,0,30,23.25,8,2,3,0,0,1,0,1,1
332,1,1,45.5,0,0,30,28.5,2,3,1,1,0,0,0,2,0
333,1,1,38.0,0,1,10,153.4625,2,3,2,0,1,0,0,2,0
334,3,1,16.0,2,0,30,18.0,8,3,3,0,0,1,0,2,0
335,1,0,24.0,1,0,10,133.65,8,3,2,0,1,0,0,1,1
336,3,1,24.0,0,0,30,7.8958,8,3,1,1,0,0,0,2,0
337,1,1,29.0,1,0,30,66.6,2,3,2,0,1,0,0,2,0
338,1,0,41.0,0,0,30,134.5,4,1,1,1,0,0,0,1,1
339,3,1,45.0,0,0,30,8.05,8,3,1,1,0,0,0,2,1
340,1,1,45.0,0,0,30,35.5,7,3,1,1,0,0,0,2,0
341,2,1,2.0,1,1,30,26.0,5,3,3,0,0,1,0,0,1
342,1,0,24.0,3,2,30,263.0,2,3,6,0,0,0,1,1,1
343,2,1,28.0,0,0,30,13.0,8,3,1,1,0,0,0,2,0
344,2,1,25.0,0,0,30,13.0,8,3,1,1,0,0,0,2,0
345,2,1,36.0,0,0,30,13.0,8,3,1,1,0,0,0,2,0
346,2,0,24.0,0,0,30,13.0,5,3,1,1,0,0,0,1,1
347,2,0,40.0,0,0,30,13.0,8,3,1,1,0,0,0,1,1
348,3,0,24.0,1,0,30,16.1,8,3,2,0,1,0,0,1,1
349,3,1,3.0,1,1,4,15.9,8,3,3,0,0,1,0,0,1
350,3,1,42.0,0,0,30,8.6625,8,3,1,1,0,0,0,2,0
351,3,1,23.0,0,0,30,9.225,8,3,1,1,0,0,0,2,0
352,1,1,24.0,0,0,30,35.0,2,3,1,1,0,0,0,2,0
353,3,1,15.0,1,1,30,7.2292,8,1,3,0,0,1,0,2,0
354,3,1,25.0,1,0,30,17.8,8,3,2,0,1,0,0,2,0
355,3,1,24.0,0,0,30,7.225,8,1,1,1,0,0,0,2,0
356,3,1,28.0,0,0,30,9.5,8,3,1,1,0,0,0,2,0
357,1,0,22.0,0,1,30,55.0,4,3,2,0,1,0,0,1,1
358,2,0,38.0,0,0,30,13.0,8,3,1,1,0,0,0,1,0
359,3,0,24.0,0,0,30,7.8792,8,2,1,1,0,0,0,1,1
360,3,0,24.0,0,0,30,7.8792,8,2,1,1,0,0,0,1,1
361,3,1,40.0,1,4,30,27.9,8,3,6,0,0,0,1,2,0
362,2,1,29.0,1,0,17,27.7208,8,1,2,0,1,0,0,2,0
363,3,0,45.0,0,1,30,14.4542,8,1,2,0,1,0,0,1,0
364,3,1,35.0,0,0,23,7.05,8,3,1,1,0,0,0,2,0
365,3,1,24.0,1,0,30,15.5,8,2,2,0,1,0,0,2,0
366,3,1,30.0,0,0,3,7.25,8,3,1,1,0,0,0,2,0
367,1,0,60.0,1,0,30,75.25,3,1,2,0,1,0,0,1,1
368,3,0,24.0,0,0,30,7.2292,8,1,1,1,0,0,0,1,1
369,3,0,24.0,0,0,30,7.75,8,2,1,1,0,0,0,1,1
370,1,0,24.0,0,0,10,69.3,1,1,1,1,0,0,0,1,1
371,1,1,25.0,1,0,30,55.4417,4,1,2,0,1,0,0,2,1
372,3,1,18.0,1,0,30,6.4958,8,3,2,0,1,0,0,2,0
373,3,1,19.0,0,0,30,8.05,8,3,1,1,0,0,0,2,0
374,1,1,22.0,0,0,10,135.6333,8,1,1,1,0,0,0,2,0
375,3,0,3.0,3,1,30,21.075,8,3,5,0,0,0,1,1,0
376,1,0,24.0,1,0,10,82.1708,8,1,2,0,1,0,0,1,1
377,3,0,22.0,0,0,3,7.25,8,3,1,1,0,0,0,1,1
378,1,1,27.0,0,2,30,211.5,2,1,3,0,0,1,0,2,0
379,3,1,20.0,0,0,30,4.0125,8,1,1,1,0,0,0,2,0
380,3,1,19.0,0,0,30,7.775,8,3,1,1,0,0,0,2,0
381,1,0,42.0,0,0,10,227.525,8,1,1,1,0,0,0,1,1
382,3,0,1.0,0,2,30,15.7417,8,1,3,0,0,1,0,1,1
383,3,1,32.0,0,0,25,7.925,8,3,1,1,0,0,0,2,0
384,1,0,35.0,1,0,30,52.0,8,3,2,0,1,0,0,1,1
385,3,1,24.0,0,0,30,7.8958,8,3,1,1,0,0,0,2,0
386,2,1,18.0,0,0,19,73.5,8,3,1,1,0,0,0,2,0
387,3,1,1.0,5,2,4,46.9,8,3,8,0,0,0,1,0,0
388,2,0,36.0,0,0,30,13.0,8,3,1,1,0,0,0,1,1
389,3,1,24.0,0,0,30,7.7292,8,2,1,1,0,0,0,2,0
390,2,0,17.0,0,0,13,12.0,8,1,1,1,0,0,0,1,1
391,1,1,36.0,1,2,30,120.0,1,3,4,0,0,1,0,2,1
392,3,1,21.0,0,0,30,7.7958,8,3,1,1,0,0,0,2,1
393,3,1,28.0,2,0,30,7.925,8,3,3,0,0,1,0,2,0
394,1,0,23.0,1,0,30,113.275,3,1,2,0,1,0,0,1,1
395,3,0,24.0,0,2,11,16.7,6,3,3,0,0,1,0,1,1
396,3,1,22.0,0,0,30,7.7958,8,3,1,1,0,0,0,2,0
397,3,0,31.0,0,0,30,7.8542,8,3,1,1,0,0,0,1,0
398,2,1,46.0,0,0,30,26.0,8,3,1,1,0,0,0,2,0
399,2,1,23.0,0,0,30,10.5,8,3,1,1,0,0,0,3,0
400,2,0,28.0,0,0,30,12.65,8,3,1,1,0,0,0,1,1
401,3,1,39.0,0,0,25,7.925,8,3,1,1,0,0,0,2,1
402,3,1,26.0,0,0,30,8.05,8,3,1,1,0,0,0,2,0
403,3,0,21.0,1,0,30,9.825,8,3,2,0,1,0,0,1,0
404,3,1,28.0,1,0,26,15.85,8,3,2,0,1,0,0,2,0
405,3,0,20.0,0,0,30,8.6625,8,3,1,1,0,0,0,1,0
406,2,1,34.0,1,0,30,21.0,8,3,2,0,1,0,0,2,0
407,3,1,51.0,0,0,30,7.75,8,3,1,1,0,0,0,2,0
408,2,1,3.0,1,1,30,18.75,8,3,3,0,0,1,0,0,1
409,3,1,21.0,0,0,30,7.775,8,3,1,1,0,0,0,2,0
410,3,0,24.0,3,1,30,25.4667,8,3,5,0,0,0,1,1,0
411,3,1,24.0,0,0,30,7.8958,8,3,1,1,0,0,0,2,0
412,3,1,24.0,0,0,30,6.8583,8,2,1,1,0,0,0,2,0
413,1,0,33.0,1,0,30,90.0,2,2,2,0,1,0,0,1,1
414,2,1,24.0,0,0,30,0.0,8,3,1,1,0,0,0,2,0
415,3,1,44.0,0,0,25,7.925,8,3,1,1,0,0,0,2,1
416,3,0,24.0,0,0,30,8.05,8,3,1,1,0,0,0,1,0
417,2,0,34.0,1,1,30,32.5,8,3,3,0,0,1,0,1,1
418,2,0,18.0,0,2,30,13.0,8,3,3,0,0,1,0,1,1
419,2,1,30.0,0,0,30,13.0,8,3,1,1,0,0,0,2,0
420,3,0,10.0,0,2,30,24.15,8,3,3,0,0,1,0,1,0
421,3,1,24.0,0,0,30,7.8958,8,1,1,1,0,0,0,2,0
422,3,1,21.0,0,0,1,7.7333,8,2,1,1,0,0,0,2,0
423,3,1,29.0,0,0,30,7.875,8,3,1,1,0,0,0,2,0
424,3,0,28.0,1,1,30,14.4,8,3,3,0,0,1,0,1,0
425,3,1,18.0,1,1,30,20.2125,8,3,3,0,0,1,0,2,0
426,3,1,24.0,0,0,0,7.25,8,3,1,1,0,0,0,2,0
427,2,0,28.0,1,0,30,26.0,8,3,2,0,1,0,0,1,1
428,2,0,19.0,0,0,30,26.0,8,3,1,1,0,0,0,1,1
429,3,1,24.0,0,0,30,7.75,8,2,1,1,0,0,0,2,0
430,3,1,32.0,0,0,23,8.05,4,3,1,1,0,0,0,2,1
431,1,1,28.0,0,0,30,26.55,2,3,1,1,0,0,0,2,1
432,3,0,24.0,1,0,30,16.1,8,3,2,0,1,0,0,1,1
433,2,0,42.0,1,0,15,26.0,8,3,2,0,1,0,0,1,1
434,3,1,17.0,0,0,25,7.125,8,3,1,1,0,0,0,2,0
435,1,1,50.0,1,0,30,55.9,4,3,2,0,1,0,0,2,0
436,1,0,14.0,1,2,30,120.0,1,3,4,0,0,1,0,1,1
437,3,0,21.0,2,2,28,34.375,8,3,5,0,0,0,1,1,0
438,2,0,24.0,2,3,30,18.75,8,3,6,0,0,0,1,1,1
439,1,1,64.0,1,4,30,263.0,2,3,6,0,0,0,1,2,0
440,2,1,31.0,0,0,4,10.5,8,3,1,1,0,0,0,2,0
441,2,0,45.0,1,1,7,26.25,8,3,3,0,0,1,0,1,1
442,3,1,20.0,0,0,30,9.5,8,3,1,1,0,0,0,2,0
443,3,1,25.0,1,0,30,7.775,8,3,2,0,1,0,0,2,0
444,2,0,28.0,0,0,30,13.0,8,3,1,1,0,0,0,1,1
445,3,1,24.0,0,0,30,8.1125,8,3,1,1,0,0,0,2,1
446,1,1,4.0,0,2,30,81.8583,0,3,3,0,0,1,0,0,1
447,2,0,13.0,0,1,30,19.5,8,3,2,0,1,0,0,1,1
448,1,1,34.0,0,0,30,26.55,8,3,1,1,0,0,0,2,1
449,3,0,5.0,2,1,30,19.2583,8,1,4,0,0,1,0,1,1
450,1,1,52.0,0,0,30,30.5,2,3,1,1,0,0,0,3,1
451,2,1,36.0,1,2,4,27.75,8,3,4,0,0,1,0,2,0
452,3,1,24.0,1,0,30,19.9667,8,3,2,0,1,0,0,2,0
453,1,1,30.0,0,0,30,27.75,2,1,1,1,0,0,0,2,0
454,1,1,49.0,1,0,30,89.1042,2,1,2,0,1,0,0,2,1
455,3,1,24.0,0,0,1,8.05,8,3,1,1,0,0,0,2,0
456,3,1,29.0,0,0,30,7.8958,8,1,1,1,0,0,0,2,1
457,1,1,65.0,0,0,30,26.55,4,3,1,1,0,0,0,2,0
458,1,0,24.0,1,0,30,51.8625,3,3,2,0,1,0,0,1,1
459,2,0,50.0,0,0,7,10.5,8,3,1,1,0,0,0,1,1
460,3,1,24.0,0,0,30,7.75,8,2,1,1,0,0,0,2,0
461,1,1,48.0,0,0,30,26.55,4,3,1,1,0,0,0,2,1
462,3,1,34.0,0,0,30,8.05,8,3,1,1,0,0,0,2,0
463,1,1,47.0,0,0,30,38.5,4,3,1,1,0,0,0,2,0
464,2,1,48.0,0,0,30,13.0,8,3,1,1,0,0,0,2,0
465,3,1,24.0,0,0,2,8.05,8,3,1,1,0,0,0,2,0
466,3,1,38.0,0,0,23,7.05,8,3,1,1,0,0,0,2,0
467,2,1,24.0,0,0,30,0.0,8,3,1,1,0,0,0,2,0
468,1,1,56.0,0,0,30,26.55,8,3,1,1,0,0,0,2,0
469,3,1,24.0,0,0,30,7.725,8,2,1,1,0,0,0,2,0
470,3,0,0.75,2,1,30,19.2583,8,1,4,0,0,1,0,1,1
471,3,1,24.0,0,0,30,7.25,8,3,1,1,0,0,0,2,0
472,3,1,38.0,0,0,30,8.6625,8,3,1,1,0,0,0,2,0
473,2,0,33.0,1,2,4,27.75,8,3,4,0,0,1,0,1,1
474,2,0,23.0,0,0,15,13.7917,3,1,1,1,0,0,0,1,1
475,3,0,22.0,0,0,30,9.8375,8,3,1,1,0,0,0,1,0
476,1,1,24.0,0,0,30,52.0,0,3,1,1,0,0,0,2,0
477,2,1,34.0,1,0,30,21.0,8,3,2,0,1,0,0,2,0
478,3,1,29.0,1,0,30,7.0458,8,3,2,0,1,0,0,2,0
479,3,1,22.0,0,0,30,7.5208,8,3,1,1,0,0,0,2,0
480,3,0,2.0,0,1,30,12.2875,8,3,2,0,1,0,0,1,1
481,3,1,9.0,5,2,4,46.9,8,3,8,0,0,0,1,0,0
482,2,1,24.0,0,0,30,0.0,8,3,1,1,0,0,0,2,0
483,3,1,50.0,0,0,1,8.05,8,3,1,1,0,0,0,2,0
484,3,0,63.0,0,0,30,9.5875,8,3,1,1,0,0,0,1,1
485,1,1,25.0,1,0,30,91.0792,1,1,2,0,1,0,0,2,1
486,3,0,24.0,3,1,30,25.4667,8,3,5,0,0,0,1,1,0
487,1,0,35.0,1,0,30,90.0,2,3,2,0,1,0,0,1,1
488,1,1,58.0,0,0,30,29.7,1,1,1,1,0,0,0,2,0
489,3,1,30.0,0,0,1,8.05,8,3,1,1,0,0,0,2,0
490,3,1,9.0,1,1,4,15.9,8,3,3,0,0,1,0,0,1
491,3,1,24.0,1,0,30,19.9667,8,3,2,0,1,0,0,2,0
492,3,1,21.0,0,0,23,7.25,8,3,1,1,0,0,0,2,0
493,1,1,55.0,0,0,30,30.5,2,3,1,1,0,0,0,2,0
494,1,1,71.0,0,0,10,49.5042,8,1,1,1,0,0,0,2,0
495,3,1,21.0,0,0,0,8.05,8,3,1,1,0,0,0,2,0
496,3,1,24.0,0,0,30,14.4583,8,1,1,1,0,0,0,2,0
497,1,0,54.0,1,0,30,78.2667,3,1,2,0,1,0,0,1,1
498,3,1,24.0,0,0,4,15.1,8,3,1,1,0,0,0,2,0
499,1,0,25.0,1,2,30,151.55,2,3,4,0,0,1,0,1,0
500,3,1,24.0,0,0,30,7.7958,8,3,1,1,0,0,0,2,0
501,3,1,17.0,0,0,30,8.6625,8,3,1,1,0,0,0,2,0
502,3,0,21.0,0,0,30,7.75,8,2,1,1,0,0,0,1,0
503,3,0,24.0,0,0,30,7.6292,8,2,1,1,0,0,0,1,0
504,3,0,37.0,0,0,30,9.5875,8,3,1,1,0,0,0,1,0
505,1,0,16.0,0,0,30,86.5,1,3,1,1,0,0,0,1,1
506,1,1,18.0,1,0,10,108.9,2,1,2,0,1,0,0,2,0
507,2,0,33.0,0,2,30,26.0,8,3,3,0,0,1,0,1,1
508,1,1,24.0,0,0,30,26.55,8,3,1,1,0,0,0,2,1
509,3,1,28.0,0,0,3,22.525,8,3,1,1,0,0,0,2,0
510,3,1,26.0,0,0,30,56.4958,8,3,1,1,0,0,0,2,1
511,3,1,29.0,0,0,30,7.75,8,2,1,1,0,0,0,2,1
512,3,1,24.0,0,0,23,8.05,8,3,1,1,0,0,0,2,0
513,1,1,36.0,0,0,10,26.2875,4,3,1,1,0,0,0,2,1
514,1,0,54.0,1,0,10,59.4,8,1,2,0,1,0,0,1,1
515,3,1,24.0,0,0,30,7.4958,8,3,1,1,0,0,0,2,0
516,1,1,47.0,0,0,30,34.0208,3,3,1,1,0,0,0,2,0
517,2,0,34.0,0,0,4,10.5,5,3,1,1,0,0,0,1,1
518,3,1,24.0,0,0,30,24.15,8,2,1,1,0,0,0,2,0
519,2,0,36.0,1,0,30,26.0,8,3,2,0,1,0,0,1,1
520,3,1,32.0,0,0,30,7.8958,8,3,1,1,0,0,0,2,0
521,1,0,30.0,0,0,30,93.5,1,3,1,1,0,0,0,1,1
522,3,1,22.0,0,0,30,7.8958,8,3,1,1,0,0,0,2,0
523,3,1,24.0,0,0,30,7.225,8,1,1,1,0,0,0,2,0
524,1,0,44.0,0,1,30,57.9792,1,1,2,0,1,0,0,1,1
525,3,1,24.0,0,0,30,7.2292,8,1,1,1,0,0,0,2,0
526,3,1,40.5,0,0,30,7.75,8,2,1,1,0,0,0,2,0
527,2,0,50.0,0,0,28,10.5,8,3,1,1,0,0,0,1,1
528,1,1,24.0,0,0,10,221.7792,2,3,1,1,0,0,0,2,0
529,3,1,39.0,0,0,30,7.925,8,3,1,1,0,0,0,2,0
530,2,1,23.0,2,1,30,11.5,8,3,4,0,0,1,0,2,0
531,2,0,2.0,1,1,30,26.0,8,3,3,0,0,1,0,1,1
532,3,1,24.0,0,0,30,7.2292,8,1,1,1,0,0,0,2,0
533,3,1,17.0,1,1,30,7.2292,8,1,3,0,0,1,0,2,0
534,3,0,24.0,0,2,30,22.3583,8,1,3,0,0,1,0,1,1
535,3,0,30.0,0,0,30,8.6625,8,3,1,1,0,0,0,1,0
536,2,0,7.0,0,2,7,26.25,8,3,3,0,0,1,0,1,1
537,1,1,45.0,0,0,30,26.55,1,3,1,1,0,0,0,3,0
538,1,0,30.0,0,0,10,106.425,8,1,1,1,0,0,0,1,1
539,3,1,24.0,0,0,30,14.5,8,3,1,1,0,0,0,2,0
540,1,0,22.0,0,2,30,49.5,1,1,3,0,0,1,0,1,1
541,1,0,36.0,0,2,29,71.0,1,3,3,0,0,1,0,1,1
542,3,0,9.0,4,2,30,31.275,8,3,7,0,0,0,1,1,0
543,3,0,11.0,4,2,30,31.275,8,3,7,0,0,0,1,1,0
544,2,1,32.0,1,0,30,26.0,8,3,2,0,1,0,0,2,1
545,1,1,50.0,1,0,10,106.425,2,1,2,0,1,0,0,2,0
546,1,1,64.0,0,0,30,26.0,8,3,1,1,0,0,0,2,0
547,2,0,19.0,1,0,30,26.0,8,3,2,0,1,0,0,1,1
548,2,1,24.0,0,0,17,13.8625,8,1,1,1,0,0,0,2,1
549,3,1,33.0,1,1,30,20.525,8,3,3,0,0,1,0,2,0
550,2,1,8.0,1,1,4,36.75,8,3,3,0,0,1,0,0,1
551,1,1,17.0,0,2,30,110.8833,2,1,3,0,0,1,0,2,1
552,2,1,27.0,0,0,30,26.0,8,3,1,1,0,0,0,2,0
553,3,1,24.0,0,0,30,7.8292,8,2,1,1,0,0,0,2,0
554,3,1,22.0,0,0,30,7.225,8,1,1,1,0,0,0,2,1
555,3,0,22.0,0,0,30,7.775,8,3,1,1,0,0,0,1,1
556,1,1,62.0,0,0,30,26.55,8,3,1,1,0,0,0,2,0
557,1,0,48.0,1,0,30,39.6,0,1,2,0,1,0,0,3,1
558,1,1,24.0,0,0,10,227.525,8,1,1,1,0,0,0,2,0
559,1,0,39.0,1,1,30,79.65,4,3,3,0,0,1,0,1,1
560,3,0,36.0,1,0,30,17.4,8,3,2,0,1,0,0,1,1
561,3,1,24.0,0,0,30,7.75,8,2,1,1,0,0,0,2,0
562,3,1,40.0,0,0,30,7.8958,8,3,1,1,0,0,0,2,0
563,2,1,28.0,0,0,30,13.5,8,3,1,1,0,0,0,2,0
564,3,1,24.0,0,0,23,8.05,8,3,1,1,0,0,0,2,0
565,3,0,24.0,0,0,23,8.05,8,3,1,1,0,0,0,1,0
566,3,1,24.0,2,0,0,24.15,8,3,3,0,0,1,0,2,0
567,3,1,19.0,0,0,30,7.8958,8,3,1,1,0,0,0,2,0
568,3,0,29.0,0,4,30,21.075,8,3,5,0,0,0,1,1,0
569,3,1,24.0,0,0,30,7.2292,8,1,1,1,0,0,0,2,0
570,3,1,32.0,0,0,30,7.8542,8,3,1,1,0,0,0,2,1
571,2,1,62.0,0,0,27,10.5,8,3,1,1,0,0,0,2,1
572,1,0,53.0,2,0,30,51.4792,2,3,3,0,0,1,0,1,1
573,1,1,36.0,0,0,10,26.3875,4,3,1,1,0,0,0,2,1
574,3,0,24.0,0,0,30,7.75,8,2,1,1,0,0,0,1,1
575,3,1,16.0,0,0,0,8.05,8,3,1,1,0,0,0,2,0
576,3,1,19.0,0,0,30,14.5,8,3,1,1,0,0,0,2,0
577,2,0,34.0,0,0,30,13.0,8,3,1,1,0,0,0,1,1
578,1,0,39.0,1,0,30,55.9,4,3,2,0,1,0,0,1,1
579,3,0,24.0,1,0,30,14.4583,8,1,2,0,1,0,0,1,0
580,3,1,32.0,0,0,25,7.925,8,3,1,1,0,0,0,2,1
581,2,0,25.0,1,1,30,30.0,8,3,3,0,0,1,0,1,1
582,1,0,39.0,1,1,30,110.8833,2,1,3,0,0,1,0,1,1
583,2,1,54.0,0,0,30,26.0,8,3,1,1,0,0,0,2,0
584,1,1,36.0,0,0,30,40.125,0,1,1,1,0,0,0,2,0
585,3,1,24.0,0,0,30,8.7125,8,1,1,1,0,0,0,2,0
586,1,0,18.0,0,2,30,79.65,4,3,3,0,0,1,0,1,1
587,2,1,47.0,0,0,30,15.0,8,3,1,1,0,0,0,2,0
588,1,1,60.0,1,1,30,79.2,1,1,3,0,0,1,0,2,1
589,3,1,22.0,0,0,30,8.05,8,3,1,1,0,0,0,2,0
590,3,1,24.0,0,0,1,8.05,8,3,1,1,0,0,0,2,0
591,3,1,35.0,0,0,25,7.125,8,3,1,1,0,0,0,2,0
592,1,0,52.0,1,0,30,78.2667,3,1,2,0,1,0,0,1,1
593,3,1,47.0,0,0,1,7.25,8,3,1,1,0,0,0,2,0
594,3,0,24.0,0,2,30,7.75,8,2,3,0,0,1,0,1,0
595,2,1,37.0,1,0,15,26.0,8,3,2,0,1,0,0,2,0
596,3,1,36.0,1,1,30,24.15,8,3,3,0,0,1,0,2,0
597,2,0,24.0,0,0,30,33.0,8,3,1,1,0,0,0,1,1
598,3,1,49.0,0,0,9,0.0,8,3,1,1,0,0,0,2,0
599,3,1,24.0,0,0,30,7.225,8,1,1,1,0,0,0,2,0
600,1,1,49.0,1,0,10,56.9292,0,1,2,0,1,0,0,3,1
601,2,0,24.0,2,1,30,27.0,8,3,4,0,0,1,0,1,1
602,3,1,24.0,0,0,30,7.8958,8,3,1,1,0,0,0,2,0
603,1,1,24.0,0,0,30,42.4,8,3,1,1,0,0,0,2,0
604,3,1,44.0,0,0,30,8.05,8,3,1,1,0,0,0,2,0
605,1,1,35.0,0,0,30,26.55,8,1,1,1,0,0,0,2,1
606,3,1,36.0,1,0,30,15.55,8,3,2,0,1,0,0,2,0
607,3,1,30.0,0,0,30,7.8958,8,3,1,1,0,0,0,2,0
608,1,1,27.0,0,0,30,30.5,8,3,1,1,0,0,0,2,1
609,2,0,22.0,1,2,18,41.5792,8,1,4,0,0,1,0,1,1
610,1,0,40.0,0,0,10,153.4625,2,3,1,1,0,0,0,1,1
611,3,0,39.0,1,5,30,31.275,8,3,7,0,0,0,1,1,0
612,3,1,24.0,0,0,23,7.05,8,3,1,1,0,0,0,2,0
613,3,0,24.0,1,0,30,15.5,8,2,2,0,1,0,0,1,1
614,3,1,24.0,0,0,30,7.75,8,2,1,1,0,0,0,2,0
615,3,1,35.0,0,0,30,8.05,8,3,1,1,0,0,0,2,0
616,2,0,24.0,1,2,30,65.0,8,3,4,0,0,1,0,1,1
617,3,1,34.0,1,1,30,14.4,8,3,3,0,0,1,0,2,0
618,3,0,26.0,1,0,1,16.1,8,3,2,0,1,0,0,1,0
619,2,0,4.0,2,1,30,39.0,5,3,4,0,0,1,0,1,1
620,2,1,26.0,0,0,30,10.5,8,3,1,1,0,0,0,2,0
621,3,1,27.0,1,0,30,14.4542,8,1,2,0,1,0,0,2,0
622,1,1,42.0,1,0,30,52.5542,3,3,2,0,1,0,0,2,1
623,3,1,20.0,1,1,30,15.7417,8,1,3,0,0,1,0,2,1
624,3,1,21.0,0,0,30,7.8542,8,3,1,1,0,0,0,2,0
625,3,1,21.0,0,0,30,16.1,8,3,1,1,0,0,0,2,0
626,1,1,61.0,0,0,30,32.3208,3,3,1,1,0,0,0,2,0
627,2,1,57.0,0,0,30,12.35,8,2,1,1,0,0,0,3,0
628,1,0,21.0,0,0,30,77.9583,3,3,1,1,0,0,0,1,1
629,3,1,26.0,0,0,30,7.8958,8,3,1,1,0,0,0,2,0
630,3,1,24.0,0,0,30,7.7333,8,2,1,1,0,0,0,2,0
631,1,1,80.0,0,0,30,30.0,0,3,1,1,0,0,0,2,1
632,3,1,51.0,0,0,30,7.0542,8,3,1,1,0,0,0,2,0
633,1,1,32.0,0,0,30,30.5,1,1,1,1,0,0,0,3,1
634,1,1,24.0,0,0,30,0.0,8,3,1,1,0,0,0,2,0
635,3,0,9.0,3,2,30,27.9,8,3,6,0,0,0,1,1,0
636,2,0,28.0,0,0,30,13.0,8,3,1,1,0,0,0,1,1
637,3,1,32.0,0,0,25,7.925,8,3,1,1,0,0,0,2,0
638,2,1,31.0,1,1,4,26.25,8,3,3,0,0,1,0,2,0
639,3,0,41.0,0,5,30,39.6875,8,3,6,0,0,0,1,1,0
640,3,1,24.0,1,0,30,16.1,8,3,2,0,1,0,0,2,0
641,3,1,20.0,0,0,30,7.8542,8,3,1,1,0,0,0,2,0
642,1,0,24.0,0,0,10,69.3,1,1,1,1,0,0,0,1,1
643,3,0,2.0,3,2,30,27.9,8,3,6,0,0,0,1,1,0
644,3,1,24.0,0,0,30,56.4958,8,3,1,1,0,0,0,2,1
645,3,0,0.75,2,1,30,19.2583,8,1,4,0,0,1,0,1,1
646,1,1,48.0,1,0,10,76.7292,3,1,2,0,1,0,0,2,1
647,3,1,19.0,0,0,30,7.8958,8,3,1,1,0,0,0,2,0
648,1,1,56.0,0,0,30,35.5,0,1,1,1,0,0,0,3,1
649,3,1,24.0,0,0,21,7.55,8,3,1,1,0,0,0,2,0
650,3,0,23.0,0,0,4,7.55,8,3,1,1,0,0,0,1,1
651,3,1,24.0,0,0,30,7.8958,8,3,1,1,0,0,0,2,0
652,2,0,18.0,0,1,30,23.0,8,3,2,0,1,0,0,1,1
653,3,1,21.0,0,0,30,8.4333,8,3,1,1,0,0,0,2,0
654,3,0,24.0,0,0,30,7.8292,8,2,1,1,0,0,0,1,1
655,3,0,18.0,0,0,30,6.75,8,2,1,1,0,0,0,1,0
656,2,1,24.0,2,0,19,73.5,8,3,3,0,0,1,0,2,0
657,3,1,24.0,0,0,30,7.8958,8,3,1,1,0,0,0,2,0
658,3,0,32.0,1,1,30,15.5,8,2,3,0,0,1,0,1,0
659,2,1,23.0,0,0,30,13.0,8,3,1,1,0,0,0,2,0
660,1,1,58.0,0,2,30,113.275,3,1,3,0,0,1,0,2,0
661,1,1,50.0,2,0,10,133.65,8,3,3,0,0,1,0,3,1
662,3,1,40.0,0,0,30,7.225,8,1,1,1,0,0,0,2,0
663,1,1,47.0,0,0,30,25.5875,4,3,1,1,0,0,0,2,0
664,3,1,36.0,0,0,30,7.4958,8,3,1,1,0,0,0,2,0
665,3,1,20.0,1,0,25,7.925,8,3,2,0,1,0,0,2,1
666,2,1,32.0,2,0,19,73.5,8,3,3,0,0,1,0,2,0
667,2,1,25.0,0,0,30,13.0,8,3,1,1,0,0,0,2,0
668,3,1,24.0,0,0,30,7.775,8,3,1,1,0,0,0,2,0
669,3,1,43.0,0,0,1,8.05,8,3,1,1,0,0,0,2,0
670,1,0,24.0,1,0,30,52.0,2,3,2,0,1,0,0,1,1
671,2,0,40.0,1,1,30,39.0,8,3,3,0,0,1,0,1,1
672,1,1,31.0,1,0,6,52.0,1,3,2,0,1,0,0,2,0
673,2,1,70.0,0,0,4,10.5,8,3,1,1,0,0,0,2,0
674,2,1,31.0,0,0,30,13.0,8,3,1,1,0,0,0,2,1
675,2,1,24.0,0,0,30,0.0,8,3,1,1,0,0,0,2,0
676,3,1,18.0,0,0,30,7.775,8,3,1,1,0,0,0,2,0
677,3,1,24.5,0,0,30,8.05,8,3,1,1,0,0,0,2,0
678,3,0,18.0,0,0,30,9.8417,8,3,1,1,0,0,0,1,1
679,3,0,43.0,1,6,4,46.9,8,3,8,0,0,0,1,1,0
680,1,1,36.0,0,1,10,512.3292,1,1,2,0,1,0,0,2,1
681,3,0,24.0,0,0,30,8.1375,8,2,1,1,0,0,0,1,0
682,1,1,27.0,0,0,10,76.7292,3,1,1,1,0,0,0,2,1
683,3,1,20.0,0,0,30,9.225,8,3,1,1,0,0,0,2,0
684,3,1,14.0,5,2,4,46.9,8,3,8,0,0,0,1,2,0
685,2,1,60.0,1,1,30,39.0,8,3,3,0,0,1,0,2,0
686,2,1,25.0,1,2,18,41.5792,8,1,4,0,0,1,0,2,0
687,3,1,14.0,4,1,30,39.6875,8,3,6,0,0,0,1,2,0
688,3,1,19.0,0,0,30,10.1708,8,3,1,1,0,0,0,2,0
689,3,1,18.0,0,0,30,7.7958,8,3,1,1,0,0,0,2,0
690,1,0,15.0,0,1,30,211.3375,1,3,2,0,1,0,0,1,1
691,1,1,31.0,1,0,30,57.0,1,3,2,0,1,0,0,2,1
692,3,0,4.0,0,1,30,13.4167,8,1,2,0,1,0,0,1,1
693,3,1,24.0,0,0,30,56.4958,8,3,1,1,0,0,0,2,1
694,3,1,25.0,0,0,30,7.225,8,1,1,1,0,0,0,2,0
695,1,1,60.0,0,0,30,26.55,8,3,1,1,0,0,0,3,0
696,2,1,52.0,0,0,30,13.5,8,3,1,1,0,0,0,2,0
697,3,1,44.0,0,0,30,8.05,8,3,1,1,0,0,0,2,0
698,3,0,24.0,0,0,30,7.7333,8,2,1,1,0,0,0,1,1
699,1,1,49.0,1,1,30,110.8833,2,1,3,0,0,1,0,2,0
700,3,1,42.0,0,0,30,7.65,5,3,1,1,0,0,0,2,0
701,1,0,18.0,1,0,10,227.525,2,1,2,0,1,0,0,1,1
702,1,1,35.0,0,0,10,26.2875,4,3,1,1,0,0,0,2,1
703,3,0,18.0,0,1,30,14.4542,8,1,2,0,1,0,0,1,0
704,3,1,25.0,0,0,30,7.7417,8,2,1,1,0,0,0,2,0
705,3,1,26.0,1,0,30,7.8542,8,3,2,0,1,0,0,2,0
706,2,1,39.0,0,0,30,26.0,8,3,1,1,0,0,0,2,0
707,2,0,45.0,0,0,30,13.5,8,3,1,1,0,0,0,1,1
708,1,1,42.0,0,0,10,26.2875,4,3,1,1,0,0,0,2,1
709,1,0,22.0,0,0,30,151.55,8,3,1,1,0,0,0,1,1
710,3,1,24.0,1,1,30,15.2458,8,1,3,0,0,1,0,0,1
711,1,0,24.0,0,0,10,49.5042,2,1,1,1,0,0,0,1,1
712,1,1,24.0,0,0,30,26.55,2,3,1,1,0,0,0,2,0
713,1,1,48.0,1,0,30,52.0,2,3,2,0,1,0,0,2,1
714,3,1,29.0,0,0,30,9.4833,8,3,1,1,0,0,0,2,0
715,2,1,52.0,0,0,30,13.0,8,3,1,1,0,0,0,2,0
716,3,1,19.0,0,0,30,7.65,5,3,1,1,0,0,0,2,0
717,1,0,38.0,0,0,10,227.525,2,1,1,1,0,0,0,1,1
718,2,0,27.0,0,0,30,10.5,4,3,1,1,0,0,0,1,1
719,3,1,24.0,0,0,30,15.5,8,2,1,1,0,0,0,2,0
720,3,1,33.0,0,0,30,7.775,8,3,1,1,0,0,0,2,0
721,2,0,6.0,0,1,30,33.0,8,3,2,0,1,0,0,1,1
722,3,1,17.0,1,0,30,7.0542,8,3,2,0,1,0,0,2,0
723,2,1,34.0,0,0,30,13.0,8,3,1,1,0,0,0,2,0
724,2,1,50.0,0,0,30,13.0,8,3,1,1,0,0,0,2,0
725,1,1,27.0,1,0,30,53.1,4,3,2,0,1,0,0,2,1
726,3,1,20.0,0,0,30,8.6625,8,3,1,1,0,0,0,2,0
727,2,0,30.0,3,0,30,21.0,8,3,4,0,0,1,0,1,1
728,3,0,24.0,0,0,30,7.7375,8,2,1,1,0,0,0,1,1
729,2,1,25.0,1,0,30,26.0,8,3,2,0,1,0,0,2,0
730,3,0,25.0,1,0,26,7.925,8,3,2,0,1,0,0,1,0
731,1,0,29.0,0,0,30,211.3375,1,3,1,1,0,0,0,1,1
732,3,1,11.0,0,0,30,18.7875,8,1,1,1,0,0,0,2,0
733,2,1,24.0,0,0,30,0.0,8,3,1,1,0,0,0,2,0
734,2,1,23.0,0,0,30,13.0,8,3,1,1,0,0,0,2,0
735,2,1,23.0,0,0,30,13.0,8,3,1,1,0,0,0,2,0
736,3,1,28.5,0,0,30,16.1,8,3,1,1,0,0,0,2,0
737,3,0,48.0,1,3,28,34.375,8,3,5,0,0,0,1,1,0
738,1,1,35.0,0,0,10,512.3292,1,1,1,1,0,0,0,2,1
739,3,1,24.0,0,0,30,7.8958,8,3,1,1,0,0,0,2,0
740,3,1,24.0,0,0,30,7.8958,8,3,1,1,0,0,0,2,0
741,1,1,24.0,0,0,30,30.0,3,3,1,1,0,0,0,2,1
742,1,1,36.0,1,0,30,78.85,2,3,2,0,1,0,0,2,0
743,1,0,21.0,2,2,10,262.375,1,1,5,0,0,0,1,1,1
744,3,1,24.0,1,0,30,16.1,8,3,2,0,1,0,0,2,0
745,3,1,31.0,0,0,25,7.925,8,3,1,1,0,0,0,2,1
746,1,1,70.0,1,1,29,71.0,1,3,3,0,0,1,0,3,0
747,3,1,16.0,1,1,4,20.25,8,3,3,0,0,1,0,2,0
748,2,0,30.0,0,0,30,13.0,8,3,1,1,0,0,0,1,1
749,1,1,19.0,1,0,30,53.1,3,3,2,0,1,0,0,2,0
750,3,1,31.0,0,0,30,7.75,8,2,1,1,0,0,0,2,0
751,2,0,4.0,1,1,30,23.0,8,3,3,0,0,1,0,1,1
752,3,1,6.0,0,1,30,12.475,4,3,2,0,1,0,0,0,1
753,3,1,33.0,0,0,30,9.5,8,3,1,1,0,0,0,2,0
754,3,1,23.0,0,0,30,7.8958,8,3,1,1,0,0,0,2,0
755,2,0,48.0,1,2,30,65.0,8,3,4,0,0,1,0,1,1
756,2,1,0.67,1,1,30,14.5,8,3,3,0,0,1,0,0,1
757,3,1,28.0,0,0,30,7.7958,8,3,1,1,0,0,0,2,0
758,2,1,18.0,0,0,30,11.5,8,3,1,1,0,0,0,2,0
759,3,1,34.0,0,0,30,8.05,8,3,1,1,0,0,0,2,0
760,1,0,33.0,0,0,30,86.5,1,3,1,1,0,0,0,3,1
761,3,1,24.0,0,0,30,14.5,8,3,1,1,0,0,0,2,0
762,3,1,41.0,0,0,22,7.125,8,3,1,1,0,0,0,2,0
763,3,1,20.0,0,0,30,7.2292,8,1,1,1,0,0,0,2,1
764,1,0,36.0,1,2,30,120.0,1,3,4,0,0,1,0,1,1
765,3,1,16.0,0,0,30,7.775,8,3,1,1,0,0,0,2,0
766,1,0,51.0,1,0,30,77.9583,3,3,2,0,1,0,0,1,1
767,1,1,24.0,0,0,30,39.6,8,1,1,1,0,0,0,3,0
768,3,0,30.5,0,0,30,7.75,8,2,1,1,0,0,0,1,0
769,3,1,24.0,1,0,30,24.15,8,2,2,0,1,0,0,2,0
770,3,1,32.0,0,0,30,8.3625,8,3,1,1,0,0,0,2,0
771,3,1,24.0,0,0,30,9.5,8,3,1,1,0,0,0,2,0
772,3,1,48.0,0,0,30,7.8542,8,3,1,1,0,0,0,2,0
773,2,0,57.0,0,0,21,10.5,4,3,1,1,0,0,0,1,0
774,3,1,24.0,0,0,30,7.225,8,1,1,1,0,0,0,2,0
775,2,0,54.0,1,3,30,23.0,8,3,5,0,0,0,1,1,1
776,3,1,18.0,0,0,30,7.75,8,3,1,1,0,0,0,2,0
777,3,1,24.0,0,0,30,7.75,5,2,1,1,0,0,0,2,0
778,3,0,5.0,0,0,30,12.475,8,3,1,1,0,0,0,1,1
779,3,1,24.0,0,0,30,7.7375,8,2,1,1,0,0,0,2,0
780,1,0,43.0,0,1,30,211.3375,1,3,2,0,1,0,0,1,1
781,3,0,13.0,0,0,30,7.2292,8,1,1,1,0,0,0,1,1
782,1,0,17.0,1,0,30,57.0,1,3,2,0,1,0,0,1,1
783,1,1,29.0,0,0,30,30.0,3,3,1,1,0,0,0,2,0
784,3,1,24.0,1,2,28,23.45,8,3,4,0,0,1,0,2,0
785,3,1,25.0,0,0,23,7.05,8,3,1,1,0,0,0,2,0
786,3,1,25.0,0,0,30,7.25,8,3,1,1,0,0,0,2,0
787,3,0,18.0,0,0,30,7.4958,8,3,1,1,0,0,0,1,1
788,3,1,8.0,4,1,30,29.125,8,2,6,0,0,0,1,0,0
789,3,1,1.0,1,2,4,20.575,8,3,4,0,0,1,0,0,1
790,1,1,46.0,0,0,10,79.2,1,1,1,1,0,0,0,2,0
791,3,1,24.0,0,0,30,7.75,8,2,1,1,0,0,0,2,0
792,2,1,16.0,0,0,30,26.0,8,3,1,1,0,0,0,2,0
793,3,0,24.0,8,2,4,69.55,8,3,11,0,0,0,1,1,0
794,1,1,24.0,0,0,10,30.6958,8,1,1,1,0,0,0,2,0
795,3,1,25.0,0,0,30,7.8958,8,3,1,1,0,0,0,2,0
796,2,1,39.0,0,0,30,13.0,8,3,1,1,0,0,0,2,0
797,1,0,49.0,0,0,30,25.9292,3,3,1,1,0,0,0,3,1
798,3,0,31.0,0,0,30,8.6833,8,3,1,1,0,0,0,1,1
799,3,1,30.0,0,0,30,7.2292,8,1,1,1,0,0,0,2,0
800,3,0,30.0,1,1,30,24.15,8,3,3,0,0,1,0,1,0
801,2,1,34.0,0,0,30,13.0,8,3,1,1,0,0,0,2,0
802,2,0,31.0,1,1,4,26.25,8,3,3,0,0,1,0,1,1
803,1,1,11.0,1,2,30,120.0,1,3,4,0,0,1,0,0,1
804,3,1,0.42,0,1,30,8.5167,8,1,2,0,1,0,0,0,1
805,3,1,27.0,0,0,30,6.975,8,3,1,1,0,0,0,2,1
806,3,1,31.0,0,0,30,7.775,8,3,1,1,0,0,0,2,0
807,1,1,39.0,0,0,30,0.0,0,3,1,1,0,0,0,2,0
808,3,0,18.0,0,0,30,7.775,8,3,1,1,0,0,0,1,0
809,2,1,39.0,0,0,30,13.0,8,3,1,1,0,0,0,2,0
810,1,0,33.0,1,0,30,53.1,4,3,2,0,1,0,0,1,1
811,3,1,26.0,0,0,30,7.8875,8,3,1,1,0,0,0,2,0
812,3,1,39.0,0,0,0,24.15,8,3,1,1,0,0,0,2,0
813,2,1,35.0,0,0,30,10.5,8,3,1,1,0,0,0,2,0
814,3,0,6.0,4,2,30,31.275,8,3,7,0,0,0,1,1,0
815,3,1,30.5,0,0,30,8.05,8,3,1,1,0,0,0,2,0
816,1,1,24.0,0,0,30,0.0,1,3,1,1,0,0,0,2,0
817,3,0,23.0,0,0,26,7.925,8,3,1,1,0,0,0,1,0
818,2,1,31.0,1,1,17,37.0042,8,1,3,0,0,1,0,2,0
819,3,1,43.0,0,0,3,6.45,8,3,1,1,0,0,0,2,0
820,3,1,10.0,3,2,30,27.9,8,3,6,0,0,0,1,0,0
821,1,0,52.0,1,1,30,93.5,1,3,3,0,0,1,0,1,1
822,3,1,27.0,0,0,30,8.6625,8,3,1,1,0,0,0,2,1
823,1,1,38.0,0,0,30,0.0,8,3,1,1,0,0,0,3,0
824,3,0,27.0,0,1,30,12.475,4,3,2,0,1,0,0,1,1
825,3,1,2.0,4,1,30,39.6875,8,3,6,0,0,0,1,0,0
826,3,1,24.0,0,0,30,6.95,8,2,1,1,0,0,0,2,0
827,3,1,24.0,0,0,30,56.4958,8,3,1,1,0,0,0,2,0
828,2,1,1.0,0,2,17,37.0042,8,1,3,0,0,1,0,0,1
829,3,1,24.0,0,0,30,7.75,8,2,1,1,0,0,0,2,1
830,1,0,62.0,0,0,30,80.0,1,0,1,1,0,0,0,1,1
831,3,0,15.0,1,0,30,14.4542,8,1,2,0,1,0,0,1,1
832,2,1,0.83,1,1,30,18.75,8,3,3,0,0,1,0,0,1
833,3,1,24.0,0,0,30,7.2292,8,1,1,1,0,0,0,2,0
834,3,1,23.0,0,0,30,7.8542,8,3,1,1,0,0,0,2,0
835,3,1,18.0,0,0,30,8.3,8,3,1,1,0,0,0,2,0
836,1,0,39.0,1,1,10,83.1583,4,1,3,0,0,1,0,1,1
837,3,1,21.0,0,0,30,8.6625,8,3,1,1,0,0,0,2,0
838,3,1,24.0,0,0,30,8.05,8,3,1,1,0,0,0,2,0
839,3,1,32.0,0,0,30,56.4958,8,3,1,1,0,0,0,2,1
840,1,1,24.0,0,0,30,29.7,2,1,1,1,0,0,0,2,1
841,3,1,20.0,0,0,22,7.925,8,3,1,1,0,0,0,2,0
842,2,1,16.0,0,0,21,10.5,8,3,1,1,0,0,0,2,0
843,1,0,30.0,0,0,30,31.0,8,1,1,1,0,0,0,1,1
844,3,1,34.5,0,0,30,6.4375,8,1,1,1,0,0,0,2,0
845,3,1,17.0,0,0,30,8.6625,8,3,1,1,0,0,0,2,0
846,3,1,42.0,0,0,4,7.55,8,3,1,1,0,0,0,2,0
847,3,1,24.0,8,2,4,69.55,8,3,11,0,0,0,1,2,0
848,3,1,35.0,0,0,30,7.8958,8,1,1,1,0,0,0,2,0
849,2,1,28.0,0,1,30,33.0,8,3,2,0,1,0,0,3,0
850,1,0,24.0,1,0,30,89.1042,2,1,2,0,1,0,0,1,1
851,3,1,4.0,4,2,30,31.275,8,3,7,0,0,0,1,0,0
852,3,1,74.0,0,0,30,7.775,8,3,1,1,0,0,0,2,0
853,3,0,9.0,1,1,30,15.2458,8,1,3,0,0,1,0,1,0
854,1,0,16.0,0,1,10,39.4,3,3,2,0,1,0,0,1,1
855,2,0,44.0,1,0,30,26.0,8,3,2,0,1,0,0,1,0
856,3,0,18.0,0,1,30,9.35,8,3,2,0,1,0,0,1,1
857,1,0,45.0,1,1,30,164.8667,8,3,3,0,0,1,0,1,1
858,1,1,51.0,0,0,30,26.55,4,3,1,1,0,0,0,2,1
859,3,0,24.0,0,3,30,19.2583,8,1,4,0,0,1,0,1,1
860,3,1,24.0,0,0,30,7.2292,8,1,1,1,0,0,0,2,0
861,3,1,41.0,2,0,30,14.1083,8,3,3,0,0,1,0,2,0
862,2,1,21.0,1,0,30,11.5,8,3,2,0,1,0,0,2,0
863,1,0,48.0,0,0,30,25.9292,3,3,1,1,0,0,0,1,1
864,3,0,24.0,8,2,4,69.55,8,3,11,0,0,0,1,1,0
865,2,1,24.0,0,0,30,13.0,8,3,1,1,0,0,0,2,0
866,2,0,42.0,0,0,30,13.0,8,3,1,1,0,0,0,1,1
867,2,0,27.0,1,0,17,13.8583,8,1,2,0,1,0,0,1,1
868,1,1,31.0,0,0,10,50.4958,0,3,1,1,0,0,0,2,0
869,3,1,24.0,0,0,30,9.5,8,3,1,1,0,0,0,2,0
870,3,1,4.0,1,1,30,11.1333,8,3,3,0,0,1,0,0,1
871,3,1,26.0,0,0,30,7.8958,8,3,1,1,0,0,0,2,0
872,1,0,47.0,1,1,30,52.5542,3,3,3,0,0,1,0,1,1
873,1,1,33.0,0,0,30,5.0,1,3,1,1,0,0,0,2,0
874,3,1,47.0,0,0,30,9.0,8,3,1,1,0,0,0,2,0
875,2,0,28.0,1,0,12,24.0,8,1,2,0,1,0,0,1,1
876,3,0,15.0,0,0,30,7.225,8,1,1,1,0,0,0,1,1
877,3,1,20.0,0,0,30,9.8458,8,3,1,1,0,0,0,2,0
878,3,1,19.0,0,0,30,7.8958,8,3,1,1,0,0,0,2,0
879,3,1,24.0,0,0,30,7.8958,8,3,1,1,0,0,0,2,0
880,1,0,56.0,0,1,30,83.1583,2,1,2,0,1,0,0,1,1
881,2,0,25.0,0,1,30,26.0,8,3,2,0,1,0,0,1,1
882,3,1,33.0,0,0,30,7.8958,8,3,1,1,0,0,0,2,0
883,3,0,22.0,0,0,30,10.5167,8,3,1,1,0,0,0,1,0
884,2,1,28.0,0,0,5,10.5,8,3,1,1,0,0,0,2,0
885,3,1,25.0,0,0,23,7.05,8,3,1,1,0,0,0,2,0
886,3,0,39.0,0,5,30,29.125,8,2,6,0,0,0,1,1,0
887,2,1,27.0,0,0,30,13.0,8,3,1,1,0,0,0,3,0
888,1,0,19.0,0,0,30,30.0,1,3,1,1,0,0,0,1,1
889,3,0,24.0,1,2,28,23.45,8,3,4,0,0,1,0,1,0
890,1,1,26.0,0,0,30,30.0,2,1,1,1,0,0,0,2,1
891,3,1,32.0,0,0,30,7.75,8,2,1,1,0,0,0,2,0
